INSERT INTO `I_QUESTION` (`ID`,`IS_ACTIVE`) VALUES(1,TRUE);
INSERT INTO `I_QUESTION` (`ID`,`IS_ACTIVE`) VALUES(2,TRUE);
INSERT INTO `I_QUESTION` (`ID`,`IS_ACTIVE`) VALUES(3,TRUE);
INSERT INTO `I_QUESTION` (`ID`,`IS_ACTIVE`) VALUES(4,TRUE);
INSERT INTO `I_QUESTION` (`ID`,`IS_ACTIVE`) VALUES(5,TRUE);


INSERT INTO `I_QUESTION_LOCALE`(`QUESTION_ID`,`LANGUAGE_ID`,`DESCRIPTION`)VALUES(1,1,'I''m looking for');
INSERT INTO `I_QUESTION_LOCALE`(`QUESTION_ID`,`LANGUAGE_ID`,`DESCRIPTION`)VALUES(2,1,'Attitude to pets');
INSERT INTO `I_QUESTION_LOCALE`(`QUESTION_ID`,`LANGUAGE_ID`,`DESCRIPTION`)VALUES(3,1,'Age range');
INSERT INTO `I_QUESTION_LOCALE`(`QUESTION_ID`,`LANGUAGE_ID`,`DESCRIPTION`)VALUES(4,1,'Payment limits');
INSERT INTO `I_QUESTION_LOCALE`(`QUESTION_ID`,`LANGUAGE_ID`,`DESCRIPTION`)VALUES(5,1,'City');

INSERT INTO `I_QUESTION_LOCALE`(`QUESTION_ID`,`LANGUAGE_ID`,`DESCRIPTION`)VALUES(1,2,'я ищу');
INSERT INTO `I_QUESTION_LOCALE`(`QUESTION_ID`,`LANGUAGE_ID`,`DESCRIPTION`)VALUES(2,2,'Отножение к домашним животным');
INSERT INTO `I_QUESTION_LOCALE`(`QUESTION_ID`,`LANGUAGE_ID`,`DESCRIPTION`)VALUES(3,2,'Возрастной диапазон');
INSERT INTO `I_QUESTION_LOCALE`(`QUESTION_ID`,`LANGUAGE_ID`,`DESCRIPTION`)VALUES(4,2,'Мой денежный лимит в месяц');
INSERT INTO `I_QUESTION_LOCALE`(`QUESTION_ID`,`LANGUAGE_ID`,`DESCRIPTION`)VALUES(5,2,'Город');

INSERT INTO `I_ANSWER` (`ANSWER_ID`,`IS_UNIVERSAL`,`QUESTION_ID`) VALUES(1,FALSE,1);
INSERT INTO `I_ANSWER` (`ANSWER_ID`,`IS_UNIVERSAL`,`QUESTION_ID`) VALUES(2,FALSE,1);
INSERT INTO `I_ANSWER` (`ANSWER_ID`,`IS_UNIVERSAL`,`QUESTION_ID`) VALUES(3,FALSE,1);

INSERT INTO `I_ANSWER` (`ANSWER_ID`,`IS_UNIVERSAL`,`QUESTION_ID`) VALUES(4,FALSE,2);
INSERT INTO `I_ANSWER` (`ANSWER_ID`,`IS_UNIVERSAL`,`QUESTION_ID`) VALUES(5,FALSE,2);

INSERT INTO `I_ANSWER` (`ANSWER_ID`,`IS_UNIVERSAL`,`QUESTION_ID`) VALUES(6,FALSE,3);
INSERT INTO `I_ANSWER` (`ANSWER_ID`,`IS_UNIVERSAL`,`QUESTION_ID`) VALUES(7,FALSE,3);
INSERT INTO `I_ANSWER` (`ANSWER_ID`,`IS_UNIVERSAL`,`QUESTION_ID`) VALUES(8,FALSE,3);
INSERT INTO `I_ANSWER` (`ANSWER_ID`,`IS_UNIVERSAL`,`QUESTION_ID`) VALUES(9,FALSE,3);
INSERT INTO `I_ANSWER` (`ANSWER_ID`,`IS_UNIVERSAL`,`QUESTION_ID`) VALUES(10,TRUE,3);

INSERT INTO `I_ANSWER` (`ANSWER_ID`,`IS_UNIVERSAL`,`QUESTION_ID`) VALUES(11,FALSE,4);
INSERT INTO `I_ANSWER` (`ANSWER_ID`,`IS_UNIVERSAL`,`QUESTION_ID`) VALUES(12,FALSE,4);
INSERT INTO `I_ANSWER` (`ANSWER_ID`,`IS_UNIVERSAL`,`QUESTION_ID`) VALUES(13,FALSE,4);
INSERT INTO `I_ANSWER` (`ANSWER_ID`,`IS_UNIVERSAL`,`QUESTION_ID`) VALUES(14,FALSE,4);
INSERT INTO `I_ANSWER` (`ANSWER_ID`,`IS_UNIVERSAL`,`QUESTION_ID`) VALUES(15,FALSE,4);
INSERT INTO `I_ANSWER` (`ANSWER_ID`,`IS_UNIVERSAL`,`QUESTION_ID`) VALUES(16,TRUE,4);

INSERT INTO `I_ANSWER_LOCALE`(`ANSWER_ID`,`LANGUAGE_ID`,`DESCRIPTION`)VALUES(1,1,'A neighbor for what would have sat down in his apartment');
INSERT INTO `I_ANSWER_LOCALE`(`ANSWER_ID`,`LANGUAGE_ID`,`DESCRIPTION`)VALUES(2,1,'Neighbor to look for a new apartment together');
INSERT INTO `I_ANSWER_LOCALE`(`ANSWER_ID`,`LANGUAGE_ID`,`DESCRIPTION`)VALUES(3,1,'I want to find a free room to enter');

INSERT INTO `I_ANSWER_LOCALE`(`ANSWER_ID`,`LANGUAGE_ID`,`DESCRIPTION`)VALUES(4,1,'Unacceptable');
INSERT INTO `I_ANSWER_LOCALE`(`ANSWER_ID`,`LANGUAGE_ID`,`DESCRIPTION`)VALUES(5,1,'There are no problems if the owner follows him');

INSERT INTO `I_ANSWER_LOCALE`(`ANSWER_ID`,`LANGUAGE_ID`,`DESCRIPTION`)VALUES(6,1,'18-22');
INSERT INTO `I_ANSWER_LOCALE`(`ANSWER_ID`,`LANGUAGE_ID`,`DESCRIPTION`)VALUES(7,1,'23-27');
INSERT INTO `I_ANSWER_LOCALE`(`ANSWER_ID`,`LANGUAGE_ID`,`DESCRIPTION`)VALUES(8,1,'28-34');
INSERT INTO `I_ANSWER_LOCALE`(`ANSWER_ID`,`LANGUAGE_ID`,`DESCRIPTION`)VALUES(9,1,'35-41');
INSERT INTO `I_ANSWER_LOCALE`(`ANSWER_ID`,`LANGUAGE_ID`,`DESCRIPTION`)VALUES(10,1,'It does not matter to me');

INSERT INTO `I_ANSWER_LOCALE`(`ANSWER_ID`,`LANGUAGE_ID`,`DESCRIPTION`)VALUES(11,1,'1500-2000');
INSERT INTO `I_ANSWER_LOCALE`(`ANSWER_ID`,`LANGUAGE_ID`,`DESCRIPTION`)VALUES(12,1,'2000-2500');
INSERT INTO `I_ANSWER_LOCALE`(`ANSWER_ID`,`LANGUAGE_ID`,`DESCRIPTION`)VALUES(13,1,'2500-3000');
INSERT INTO `I_ANSWER_LOCALE`(`ANSWER_ID`,`LANGUAGE_ID`,`DESCRIPTION`)VALUES(14,1,'3000-3500');
INSERT INTO `I_ANSWER_LOCALE`(`ANSWER_ID`,`LANGUAGE_ID`,`DESCRIPTION`)VALUES(15,1,'3500-4000');
INSERT INTO `I_ANSWER_LOCALE`(`ANSWER_ID`,`LANGUAGE_ID`,`DESCRIPTION`)VALUES(16,1,'It does not matter to me');



INSERT INTO `I_ANSWER_LOCALE`(`ANSWER_ID`,`LANGUAGE_ID`,`DESCRIPTION`)VALUES(1,2,'Соседа для того что бы подселись к себе в квартиру');
INSERT INTO `I_ANSWER_LOCALE`(`ANSWER_ID`,`LANGUAGE_ID`,`DESCRIPTION`)VALUES(2,2,'Соседа что-бы вместе искать новую квартиру');
INSERT INTO `I_ANSWER_LOCALE`(`ANSWER_ID`,`LANGUAGE_ID`,`DESCRIPTION`)VALUES(3,2,'Хочу найти свободную комнату что бы въехать');

INSERT INTO `I_ANSWER_LOCALE`(`ANSWER_ID`,`LANGUAGE_ID`,`DESCRIPTION`)VALUES(4,2,'Непреемлемо');
INSERT INTO `I_ANSWER_LOCALE`(`ANSWER_ID`,`LANGUAGE_ID`,`DESCRIPTION`)VALUES(5,2,'Нет ни каких проблем, если хозяин за ним следит');

INSERT INTO `I_ANSWER_LOCALE`(`ANSWER_ID`,`LANGUAGE_ID`,`DESCRIPTION`)VALUES(6,2,'18-22');
INSERT INTO `I_ANSWER_LOCALE`(`ANSWER_ID`,`LANGUAGE_ID`,`DESCRIPTION`)VALUES(7,2,'23-27');
INSERT INTO `I_ANSWER_LOCALE`(`ANSWER_ID`,`LANGUAGE_ID`,`DESCRIPTION`)VALUES(8,2,'28-34');
INSERT INTO `I_ANSWER_LOCALE`(`ANSWER_ID`,`LANGUAGE_ID`,`DESCRIPTION`)VALUES(9,2,'35-41');
INSERT INTO `I_ANSWER_LOCALE`(`ANSWER_ID`,`LANGUAGE_ID`,`DESCRIPTION`)VALUES(10,2,'Неважо');

INSERT INTO `I_ANSWER_LOCALE`(`ANSWER_ID`,`LANGUAGE_ID`,`DESCRIPTION`)VALUES(11,2,'1500-2000');
INSERT INTO `I_ANSWER_LOCALE`(`ANSWER_ID`,`LANGUAGE_ID`,`DESCRIPTION`)VALUES(12,2,'2000-2500');
INSERT INTO `I_ANSWER_LOCALE`(`ANSWER_ID`,`LANGUAGE_ID`,`DESCRIPTION`)VALUES(13,2,'2500-3000');
INSERT INTO `I_ANSWER_LOCALE`(`ANSWER_ID`,`LANGUAGE_ID`,`DESCRIPTION`)VALUES(14,2,'3000-3500');
INSERT INTO `I_ANSWER_LOCALE`(`ANSWER_ID`,`LANGUAGE_ID`,`DESCRIPTION`)VALUES(15,2,'3500-4000');
INSERT INTO `I_ANSWER_LOCALE`(`ANSWER_ID`,`LANGUAGE_ID`,`DESCRIPTION`)VALUES(16,2,'Неважо');

